TITLE,AUTHOR,CONTENT,DATE
Sportif;yassine;"Sport et bronzage peuvent faire bon ménage, à condition de les pratiquer avec modération et de bien connaitre son niveau de performance maximale. Comment optimiser son bronzage quand on fait du sport ? Comment rattraper les traces de bronzage ?";18/09/2017
"Lorem ipsum";titi;"Le Lorem Ipsum est simplement du faux texte employé dans la composition et la mise en page avant impression. Le Lorem Ipsum est le faux texte standard de l'imprimerie depuis les années 1500, quand un peintre anonyme assembla ensemble des morceaux de texte pour réaliser un livre spécimen de polices de texte.";19/09/2017
Disney;Mickey;"Remarque : les parades et spectacles du Parc Disneyland sont susceptibles d'être annulés sans préavis, notamment en cas de conditions météorologiques défavorables, de travaux de maintenance importants, de modification des horaires d'ouverture ou de fermeture d'attractions.";20/09/2017
"Europa Park";Merco;"Europa-Park, le parc à thèmes et complexe de loisirs d'Allemagne, situé à Rust, dans le Bade-Wurtemberg, entre les villes de Fribourg-en-Brisgau et Strasbourg (Bas-Rhin), a une nouvelle fois (comme en 2014, 2015 et 2016) été sacré meilleur parc de loisirs au monde par le magazine Amusement Today.";17/09/2017
"Baseball Park";toto;"Baseball Parc Baseball Parc Baseball Parc Baseball Parc Baseball Parc Baseball Parc Baseball Parc Baseball Parc Baseball Parc Baseball Parc Baseball Parc Baseball Parc Baseball Parc Baseball Parc Baseball Parc Baseball Parc Baseball Parc Baseball Parc Baseball Parc Baseball Parc";21/09/2017
LOL;ml;blebbekneljeleleleljesves;21/09/2017
"Neymar au PSG";plop;"l'arrivé de Neymar au psg blablabla";25/09/2017
"Toto au Barca";plop;"l'arrivé de Toto au psg blablabla";25/09/2017
"Tutu au Real";plop;"l'arrivé de Tutu au psg blablabla";25/09/2017
"Tata au Real";plop;"l'arrivé de Tata au psg blablabla";25/09/2017
"Hazard au PSG";plop;"l'arrivé de Hazard au psg blablabla";25/09/2017
"Zidane a Rennes";ml;"l'arrivé de Zidane au psg blablabla";25/09/2017
"Ronaldo a Lens";ml;"l'arrivé de Ronaldo au psg blablabla";25/09/2017
"Beckham a Lyon";ml;"l'arrivé de Beckham au psg blablabla";25/09/2017
"Franck a Monaco";plop;"l'arrivé de Franck au psg blablabla";25/09/2017
"Casimero au PSG";ml;"l'arrivé de Casimero au psg blablabla";25/09/2017
"Henry au Barca";plop;"l'arrivé de Henry au psg blablabla";25/09/2017
"Casias au Real";ml;"l'arrivé de Casias au psg blablabla";25/09/2017
